{"1": {"totP": 238139, "avg_time": [345.51733231431956], "avg_score": [75.72543766455748]}, "2": {"totP": 32534, "avg_time": [289.8184053605483, 198.59722136841415], "avg_score": [68.52569619475051, 82.51398536915158]}, "3": {"totP": 7959, "avg_time": [270.5299660761409, 174.50584244251766, 146.25279557733418], "avg_score": [68.87108933283099, 76.27654227918065, 87.91493906269652]}, "4": {"totP": 3169, "avg_time": [263.3726727674338, 164.5408646260654, 135.481224360997, 121.98643105080485], "avg_score": [68.92710634269496, 77.68223414326292, 83.50426001893344, 94.0801514673397]}, "5": {"totP": 1523, "avg_time": [257.47734734077454, 159.7439264609323, 124.80170715692697, 110.5666447800394, 106.79842416283653], "avg_score": [70.01969796454357, 77.83650689428774, 84.62573867367033, 89.64543663821398, 98.47340774786602]}, "6": {"totP": 845, "avg_time": [272.8934911242595, 163.41301775147932, 126.3325443786982, 110.55266272189353, 104.55502958579882, 101.71124260355028], "avg_score": [70.29585798816574, 78.58579881656809, 84.78106508875747, 91.20118343195269, 95.5325443786982, 103.66863905325441]}, "7": {"totP": 509, "avg_time": [291.90766208251466, 175.75245579567783, 127.53831041257381, 119.63261296660114, 102.06876227897841, 91.95677799607074, 92.98624754420432], "avg_score": [69.44990176817295, 77.28880157170917, 84.88212180746552, 89.91159135559928, 94.82318271119844, 98.76227897838899, 107.82907662082518]}, "8": {"totP": 303, "avg_time": [269.7161716171619, 157.98019801980212, 118.74257425742579, 102.80198019801982, 91.76567656765678, 84.38283828382842, 83.07260726072609, 84.54125412541254], "avg_score": [73.25082508250829, 80.09900990099014, 87.59075907590758, 93.5148514851485, 97.27722772277228, 101.22112211221125, 104.48844884488449, 112.34323432343234]}, "9": {"totP": 203, "avg_time": [241.9014778325123, 153.24137931034485, 122.6256157635468, 96.60591133004924, 90.72906403940887, 90.49753694581281, 85.30049261083744, 89.1527093596059, 87.60098522167488], "avg_score": [67.24137931034491, 79.5566502463054, 83.81773399014774, 90.41871921182268, 95.49261083743849, 102.5615763546798, 104.95073891625616, 108.0049261083744, 114.82758620689656]}, "10": {"totP": 134, "avg_time": [250.3880597014925, 152.86567164179104, 130.79850746268653, 97.94029850746269, 97.49253731343283, 91.2910447761194, 98.47014925373135, 83.38059701492537, 78.09701492537313, 84.85820895522389], "avg_score": [71.11940298507463, 77.42537313432832, 81.71641791044776, 91.15671641791042, 97.42537313432834, 101.23134328358209, 103.88059701492537, 105.33582089552239, 108.35820895522389, 117.53731343283582]}, "11": {"totP": 92, "avg_time": [213.13043478260875, 144.01086956521732, 110.67391304347827, 107.46739130434783, 84.69565217391305, 79.6086956521739, 68.92391304347824, 72.64130434782605, 105.70652173913044, 78.31521739130437, 73.48913043478262], "avg_score": [71.95652173913042, 81.95652173913042, 84.40217391304348, 89.23913043478257, 94.8913043478261, 99.72826086956522, 100.16304347826089, 104.56521739130434, 108.3695652173913, 108.96739130434783, 116.46739130434783]}, "12": {"totP": 53, "avg_time": [227.41509433962264, 197.7924528301886, 129.81132075471695, 101.45283018867926, 102.45283018867929, 88.0, 76.07547169811322, 104.62264150943396, 69.77358490566036, 65.96226415094343, 67.16981132075475, 90.11320754716981], "avg_score": [75.28301886792453, 80.84905660377359, 91.79245283018868, 95.37735849056604, 99.81132075471699, 108.58490566037736, 107.26415094339623, 105.18867924528301, 107.0754716981132, 116.98113207547169, 115.28301886792453, 116.41509433962264]}, "13": {"totP": 52, "avg_time": [296.09615384615387, 128.46153846153842, 127.26923076923077, 146.4423076923077, 95.03846153846153, 85.71153846153842, 86.34615384615384, 73.59615384615387, 98.5, 67.98076923076921, 65.28846153846152, 76.03846153846153, 68.1923076923077], "avg_score": [72.88461538461537, 86.15384615384613, 89.03846153846153, 93.75, 94.42307692307692, 97.78846153846153, 104.51923076923077, 105.67307692307692, 105.48076923076923, 114.42307692307692, 118.07692307692308, 114.42307692307692, 127.21153846153847]}, "14": {"totP": 23, "avg_time": [320.8260869565218, 195.6956521739131, 100.17391304347827, 152.0, 102.21739130434783, 72.08695652173913, 75.3913043478261, 71.8695652173913, 66.65217391304348, 90.91304347826087, 62.21739130434783, 59.56521739130435, 51.869565217391305, 52.82608695652174], "avg_score": [68.4782608695652, 74.7826086956522, 79.1304347826087, 80.0, 87.82608695652173, 90.8695652173913, 100.43478260869566, 104.56521739130434, 95.8695652173913, 100.8695652173913, 111.30434782608695, 112.6086956521739, 111.30434782608695, 114.56521739130434]}, "15": {"totP": 22, "avg_time": [215.22727272727272, 142.72727272727272, 156.6818181818182, 105.13636363636364, 109.63636363636361, 96.4090909090909, 88.9090909090909, 86.77272727272727, 64.00000000000001, 67.81818181818183, 67.31818181818181, 72.36363636363636, 94.04545454545455, 55.59090909090909, 73.72727272727273], "avg_score": [72.50000000000001, 89.31818181818181, 76.81818181818183, 89.0909090909091, 97.72727272727273, 106.13636363636364, 103.63636363636364, 108.4090909090909, 106.36363636363636, 115.45454545454545, 106.5909090909091, 118.63636363636364, 110.68181818181819, 120.0, 120.0]}, "16": {"totP": 13, "avg_time": [279.15384615384613, 157.30769230769232, 165.61538461538458, 96.0, 83.61538461538461, 60.84615384615385, 66.84615384615384, 104.6923076923077, 68.46153846153847, 69.61538461538461, 119.84615384615384, 99.15384615384616, 90.38461538461539, 59.61538461538461, 62.84615384615385, 106.3076923076923], "avg_score": [58.46153846153846, 67.3076923076923, 81.53846153846153, 88.84615384615384, 86.92307692307692, 87.3076923076923, 97.6923076923077, 91.15384615384616, 97.3076923076923, 98.46153846153847, 102.6923076923077, 101.15384615384616, 105.0, 93.07692307692308, 98.84615384615384, 111.92307692307692]}, "17": {"totP": 13, "avg_time": [264.9230769230769, 133.30769230769232, 127.84615384615388, 107.38461538461539, 132.0, 82.3076923076923, 69.23076923076923, 64.53846153846153, 68.84615384615384, 51.15384615384615, 90.23076923076923, 52.46153846153846, 54.76923076923077, 60.92307692307691, 47.46153846153846, 43.92307692307692, 66.76923076923077], "avg_score": [63.46153846153846, 66.92307692307692, 80.0, 83.0769230769231, 82.6923076923077, 89.23076923076923, 87.6923076923077, 87.3076923076923, 99.23076923076923, 98.07692307692308, 91.15384615384616, 96.15384615384616, 100.76923076923077, 100.38461538461539, 96.53846153846153, 107.6923076923077, 109.23076923076923]}, "18": {"totP": 8, "avg_time": [260.0, 106.875, 103.5, 93.25, 90.625, 68.125, 62.5, 56.0, 51.375, 79.125, 61.37499999999999, 66.375, 46.75, 59.0, 49.125, 51.25, 85.875, 106.125], "avg_score": [74.375, 75.0, 95.0, 77.5, 83.125, 86.875, 104.375, 109.375, 119.375, 104.375, 118.75, 114.375, 119.375, 108.125, 131.875, 127.5, 125.0, 93.75]}, "19": {"totP": 10, "avg_time": [247.8, 155.8, 95.9, 85.0, 71.3, 54.9, 54.1, 52.8, 47.4, 76.3, 61.9, 68.3, 54.0, 47.6, 61.2, 56.6, 40.3, 53.0, 45.1], "avg_score": [53.0, 67.5, 71.5, 96.5, 100.0, 99.0, 107.5, 103.0, 116.5, 116.5, 108.0, 107.0, 114.5, 115.5, 119.5, 125.0, 123.5, 125.0, 134.5]}, "20": {"totP": 10, "avg_time": [148.0, 100.7, 91.4, 63.1, 65.4, 53.4, 54.9, 113.1, 100.5, 70.3, 57.1, 51.6, 61.2, 57.6, 46.6, 46.1, 50.2, 50.6, 61.2, 46.1], "avg_score": [75.5, 86.0, 91.0, 89.0, 102.5, 109.0, 109.0, 113.5, 124.5, 114.0, 125.0, 131.5, 134.0, 127.0, 133.0, 141.0, 125.0, 138.0, 125.0, 141.0]}, "21": {"totP": 3, "avg_time": [116.66666666666667, 94.33333333333333, 162.0, 66.0, 69.66666666666667, 44.666666666666664, 53.333333333333336, 153.33333333333334, 47.333333333333336, 57.333333333333336, 58.0, 49.333333333333336, 53.333333333333336, 52.0, 52.333333333333336, 55.666666666666664, 43.666666666666664, 77.33333333333333, 50.666666666666664, 52.0, 54.666666666666664],